factor,importance
cv_error,0.7430641306790007
n_lots,0.13026863321455465
target_correlation,0.08865202463693708
rate_effect,0.02352606393942178
learning_rate,0.0144891475300858
