Source,ddof1,ddof2,F,p-unc,p-GG-corr,ng2,eps,sphericity,W-spher,p-spher,effect_interpretation
model_name,6,36444,556.502424499494,0.0,8.82178165248207e-139,0.0627920469223392,0.19728293342616626,False,0.0003039421919404947,0.0,medium
