Source,ddof1,ddof2,F,p-unc,p-GG-corr,ng2,eps,sphericity,W-spher,p-spher,effect_interpretation
model_name,5,30370,553.4127435908064,0.0,1.1411398988957218e-134,0.059262972616418295,0.23078207471071754,False,0.0036806279749828233,0.0,small
