Model,Mean SSPE,Std SSPE,Median SSPE,Q25 SSPE,Q75 SSPE,Win Count,Win %,N
PCReg_CV_Tight,0.0429644716896265,0.09103004538616431,0.004119657213886836,0.00013067766233306976,0.03917882342476689,1731,28.493827160493826,6075
PCReg_ConstrainOnly,0.07983251215010094,0.263705291215314,0.005234115205707073,0.00012881880520348042,0.04788183155727119,1255,20.65843621399177,6075
PCReg_CV,0.10917052454797678,0.4353804027583829,0.0052186176571459315,0.0001336743029985759,0.05444546100148416,386,6.3539094650205765,6075
PCReg_CV_Wrong,0.10938379848394758,0.4357842020212949,0.00523317740344822,0.00013377874810951892,0.05414975261803172,271,4.460905349794238,6075
OLS,0.1146305528980115,0.7557130487682423,0.005500359564737401,0.000358024991225678,0.055721383129357725,1443,23.753086419753085,6075
PCReg_GCV,0.12199847651735,0.4799527545198226,0.005967844242692721,0.0001281831748650458,0.06098360043987508,505,8.312757201646091,6075
OLS_LearnOnly,0.8658043127910027,2.5266069928319084,0.14097354699676035,0.03152278186089123,0.7154714260111478,484,7.967078189300412,6075
