Model,Mean SSPE,Std SSPE,Median SSPE,Q25 SSPE,Q75 SSPE,Win Count,Win %,N
PCReg_ConstrainOnly,0.07983251215010094,0.263705291215314,0.005234115205707073,0.00012881880520348042,0.04788183155727119,2080,34.23868312757202,6075
PCReg_CV,0.10917052454797678,0.4353804027583829,0.0052186176571459315,0.0001336743029985759,0.05444546100148416,632,10.40329218106996,6075
PCReg_CV_Wrong,0.10938379848394758,0.4357842020212949,0.00523317740344822,0.00013377874810951892,0.05414975261803172,456,7.506172839506172,6075
OLS,0.1146305528980115,0.7557130487682423,0.005500359564737401,0.000358024991225678,0.055721383129357725,1639,26.979423868312757,6075
PCReg_GCV,0.12199847651735,0.4799527545198226,0.005967844242692721,0.0001281831748650458,0.06098360043987508,684,11.25925925925926,6075
OLS_LearnOnly,0.8658043127910027,2.5266069928319084,0.14097354699676035,0.03152278186089123,0.7154714260111478,584,9.613168724279836,6075
